,error_ractions,error_info
0,C(=O)(Cl)\C=C(\C)/C>>N1(c2ccc(OC)cc2)C(=O)[C@@H](C(C)C)[C@H]1C(=O)O,"element: can not calculate implicit hydrogens on aromatic C, charge 0, degree 1, 0 radical electrons"
1,C(=O)(Cl)\C=C(\C)/C>>N1(c2ccc(OC)cc2)C(=O)C(C(C)C)C1OC(C)=O,"element: can not calculate implicit hydrogens on aromatic C, charge 0, degree 1, 0 radical electrons"
2,C(=O)(Cl)\C=C(\C)/C>>N1(c2ccc(OC)cc2)C(=O)[C@@H](C(C)C)[C@H]1C(=O)OCC,"element: can not calculate implicit hydrogens on aromatic C, charge 0, degree 1, 0 radical electrons"
3,C(=O)(Cl)\C=C(\C)/C>>[C@@H]1(C(=O)OC)[C@H](C(C)C)C(=O)N1c2ccc(OC)cc2,"element: can not calculate implicit hydrogens on aromatic C, charge 0, degree 1, 0 radical electrons"
4,c1(ccccc1)CC(=O)O.c1(ccccc1)CC(=O)O.c1(ccccc1)CC(=O)O>>P(=CC([2H])([2H])c1ccccc1)(c2ccccc2)(c3ccccc3)c4ccccc4,Ignored this reaction
5,c1(C(C)O)c2nc(cc3[nH]c(cc(c4C)nc(c4CCC(=O)OC)cc(c(CCC(=O)OC)c5C)[nH]c5c2)C(C)=C3C(C)O)c1C.c1(C(C)O)c2nc(cc3[nH]c(cc(c4C)nc(c4CCC(=O)OC)cc(c(CCC(=O)OC)c5C)[nH]c5c2)C(C)=C3C(C)O)c1C>>c1(C(C)OC(C)C2=C(C)c(cc3nc(cc(c(CCC(=O)OC)c4C)[nH]c4cc(c(C=C)c5C)nc5c6)c(CCC(=O)OC)c3C)[nH]c26)c(C)c(cc7[nH]c(cc(c(C)c8CCC(=O)OC)nc8cc(C(CCC(=O)OC)=C9C)[nH]c9%10)c(C)c7C=C)nc1c%10,"element: can not calculate implicit hydrogens on aromatic C, charge 0, degree 1, 0 radical electrons"
6,C([H])(O)(C=C)C=C.C([H])(O)(C=C)C=C.C([H])(O)(C=C)C=C>>c1(ccc(OC)cc1)CO[C@@H](C=C)[C@H](O)CC#COCC,Ignored this reaction
7,c12c(C=CCO1)ccc(OC)c2>>[C@]12([H])[C@]([H])(Oc(cc(OCc3ccccc3)c(C\C=C(\C)/C)c4)c14)c5c(cc(OC)cc5)OC2,"element: can not calculate implicit hydrogens on aromatic C, charge 0, degree 1, 0 radical electrons"
8,c1(C(C)=O)c2nc(cc3[nH]c(cc(c4C)nc(c4CCC(=O)OC)cc(c(CCC(=O)OC)c5C)[nH]c5c2)C(C)=C3C(C)=O)c1C.c1(C(C)=O)c2nc(cc3[nH]c(cc(c4C)nc(c4CCC(=O)OC)cc(c(CCC(=O)OC)c5C)[nH]c5c2)C(C)=C3C(C)=O)c1C>>c1(C(C)OC(C)C2=C(C)c(cc3nc(cc(c(CCC(=O)OC)c4C)[nH]c4cc(c(C=C)c5C)nc5c6)c(CCC(=O)OC)c3C)[nH]c26)c(C)c(cc7[nH]c(cc(c(C)c8CCC(=O)OC)nc8cc(C(CCC(=O)OC)=C9C)[nH]c9%10)c(C)c7C=C)nc1c%10,"element: can not calculate implicit hydrogens on aromatic C, charge 0, degree 1, 0 radical electrons"
9,c1(CN)ccccc1.c1(CN)ccccc1.c1(CN)ccccc1.c1(CN)ccccc1>>[C@@H]1(C(=O)OCc2ccccc2)C[C@H](C(=O)NCC(=O)OCc3ccccc3)N1Cc4ccccc4,Ignored this reaction
10,c1(CO)ccccc1.c1(CO)ccccc1.c1(CO)ccccc1>>[C@@H]1(C(=O)OCc2ccccc2)C[C@H](C(=O)OCc3ccccc3)N1Cc4ccccc4,Ignored this reaction
11,c1(OC)ccc(C=O)cc1O.c1(OC)ccc(C=O)cc1O.c1(OC)ccc(C=O)cc1O>>c12c(cc(OC)cc1)C(=O)Oc(cc(CCc3ccc(OC)c(Oc4ccc(C(=O)OC)cc4)c3)cc5)c25,Ignored this reaction
12,c1(ccco1)C(C)=O>>[C@]1(C)(O[C@H](OC)[C@@H](O2)[C@@H]2[C@H]1OC(C)=O)c3cc(OC)c(cccc4)c4c3O,"element: can not calculate implicit hydrogens on aromatic C, charge 0, degree 1, 0 radical electrons"
13,c1(C(C)O)c2nc(cc3[nH]c(cc(c4C)nc(c4CCC(=O)OC)cc(c(CCC(=O)OC)c5C)[nH]c5c2)C(C)=C3C(C)O)c1C>>c1(C(C)=O)c2nc(cc3[nH]c(cc(c4C)nc(c4CCC(=O)OC)cc(c(CCC(=O)OC)c5C)[nH]c5c2)C(C)=C3C(C)O)c1C,"element: can not calculate implicit hydrogens on aromatic C, charge 0, degree 1, 0 radical electrons"
14,c1(Br)ccccc1>>c12c(CCCC1c3ccccc3)cc(OC)cc2,"element: can not calculate implicit hydrogens on aromatic C, charge 0, degree 1, 0 radical electrons"
15,C1(C)(C)O[C@@H](O[C@H](C=O)[C@H]2OCc3ccccc3)[C@@H]2O1>>[C@H]1(OCc2ccccc2)[C@@H](OCc3ccccc3)C(O)O[C@@H]1CC4CCCCC4,"element: can not calculate implicit hydrogens on aromatic C, charge 0, degree 1, 0 radical electrons"
16,C1(C)(C)O[C@@H](O[C@H](C=O)[C@H]2OCc3ccccc3)[C@@H]2O1>>[C@@H]1(OCc2ccccc2)[C@@H](CC3CCCCC3)OC(OC)[C@@H]1OCc4ccccc4,"element: can not calculate implicit hydrogens on aromatic C, charge 0, degree 1, 0 radical electrons"
17,C1(C)(C)O[C@@H](O[C@H](C=O)[C@H]2OCc3ccccc3)[C@@H]2O1>>c1(cccc(cccc2)c12)C[C@H](CS(=O)(=O)CC)C(=O)N[C@@H](CCCC)C(=O)N[C@@H](CC3CCCCC3)[C@@H](O)[C@@H](O)CN4CCOCC4,"element: can not calculate implicit hydrogens on aromatic C, charge 0, degree 1, 0 radical electrons"
18,c1(CN)ccccc1.c1(CN)ccccc1.c1(CN)ccccc1>>[C@@H]1(C(=O)OCc2ccccc2)C[C@H](C(=O)OCc3ccccc3)N1Cc4ccccc4,Ignored this reaction
19,c1(ccc(OC)cc1)C(C)=O>>c1(ccc(O[C@@H](C)CCCCCC)cc1)c2ccc(C(=O)Oc3ccc([C@@H](C)OCCC)cc3)cc2,"element: can not calculate implicit hydrogens on aromatic C, charge 0, degree 1, 0 radical electrons"
20,c1(ccc(OC)cc1)C(C)=O>>c1(ccc(OCCCCCCCCCC)c(F)c1)c2ccc(C(=O)Oc3ccc([C@@H](C)OCCC)cc3)cc2,"element: can not calculate implicit hydrogens on aromatic C, charge 0, degree 1, 0 radical electrons"
21,c1(CO)ccccc1.c1(CO)ccccc1.c1(CO)ccccc1>>[C@@H]1(C(=O)OCc2ccccc2)C[C@@H](C(=O)OCc3ccccc3)N1Cc4ccccc4,Ignored this reaction
22,c1(O)ccccc1.c1(O)ccccc1.c1(O)ccccc1>>C1(CCN(CCC(O)COc2ccccc2)CC1)c3ccccc3,Ignored this reaction
23,c1(OC)ccc(C=O)cc1O.c1(OC)ccc(C=O)cc1O.c1(OC)ccc(C=O)cc1O.c1(OC)ccc(C=O)cc1O>>c1(cc(\C=C\c2ccc(Oc3cccc(C(=O)OC)c3)c(OC)c2)ccc1OC)Oc4ccc(C(=O)OC)cc4,Ignored this reaction
24,c1([Mg]Br)ccccc1C>>C1(N=N#N)(CCCCC1)c2ccccc2C,"element: can not calculate implicit hydrogens on aromatic C, charge 0, degree 1, 0 radical electrons"
25,c1([Mg]Br)ccccc1C>>C1(N)(CCCCC1)c2ccccc2C,"element: can not calculate implicit hydrogens on aromatic C, charge 0, degree 1, 0 radical electrons"
26,c1(C(C)O)c2nc(cc3[nH]c(cc(c4C)nc(c4CCC(=O)OC)cc(c(CCC(=O)OC)c5C)[nH]c5c2)C(C)=C3C(C)O)c1C>>c1(C(C)O)c2nc(cc3[nH]c(cc(c4C)nc(c4CCC(=O)OC)cc(c(CCC(=O)OC)c5C)[nH]c5c2)C(C)=C3C(C)=O)c1C,"element: can not calculate implicit hydrogens on aromatic C, charge 0, degree 1, 0 radical electrons"
27,c1(ccccn1)CC(=O)OC>>c12n(cccc1)c(CC)cc2C(=O)O,"element: can not calculate implicit hydrogens on aromatic C, charge 0, degree 1, 0 radical electrons"
28,c1(ccccn1)CC(=O)OC>>c12n(cccc1)c(CC)cc2C(=O)Cl,"element: can not calculate implicit hydrogens on aromatic C, charge 0, degree 1, 0 radical electrons"
29,C(C)(C)(O)C=C>>C(C)(C)(C=C)C(=O)[C@H](C)[C@@H](O)[C@H](C)c1ccccc1,"element: can not calculate implicit hydrogens on aromatic C, charge 0, degree 1, 0 radical electrons"
30,C(C)(C)(C)OC(=O)N[C@@]([H])(CC(C)C)C(=O)O>>[C@@]([H])(CC(N)=O)(NC(=O)[C@]([H])(CC(C)C)NC(C)=O)C(=O)N[C@]([H])(C(=O)CCl)Cc1ccccc1,"element: can not calculate implicit hydrogens on aromatic C, charge 0, degree 1, 0 radical electrons"
31,C(C)(C)(C)OC(=O)N[C@@]([H])(CC(C)C)C(=O)O>>[C@@]([H])(CC(N)=O)(NC(=O)[C@]([H])(CC(C)C)NC(=O)[C@@]([H])(N)COCc1ccccc1)C(=O)N[C@]([H])(C(=O)CCl)Cc2ccccc2,"element: can not calculate implicit hydrogens on aromatic C, charge 0, degree 1, 0 radical electrons"
32,C(C)(C)(C)OC(=O)N[C@@]([H])(CC(C)C)C(=O)O>>[C@@]([H])(CC(N)=O)(NC(=O)[C@]([H])(CC(C)C)NC(=O)[C@@]([H])(NC(C)=O)COCc1ccccc1)C(=O)N[C@]([H])(C(=O)CCl)Cc2ccccc2,"element: can not calculate implicit hydrogens on aromatic C, charge 0, degree 1, 0 radical electrons"
33,[C@]([H])(C)(CC)CN.[C@]([H])(C)(CC)CN.[C@]([H])(C)(CC)CN>>[C@@H](C(C)C)(C[C@H](O)[C@@H](N)CC(C)C)C(=O)NC[C@@H](C)CC.Cl[H],Ignored this reaction
34,c1(C)ccncc1>>[Br-].C(=O)(Cc1cc[n+](Cc2ccccc2)cc1)c3ccccc3,"element: can not calculate implicit hydrogens on aromatic C, charge 0, degree 1, 0 radical electrons"
35,c1(C)ccncc1>>[Br-].c1(cccc(C)c1)C[n+]2ccc(CC(=O)c3ccccc3)cc2,"element: can not calculate implicit hydrogens on aromatic C, charge 0, degree 1, 0 radical electrons"
36,c1(C)ccncc1>>[Br-].c1(ccccc1)C(=O)Cc2cc[n+](Cc3ccc(C)cc3)cc2,"element: can not calculate implicit hydrogens on aromatic C, charge 0, degree 1, 0 radical electrons"
37,c1(C)ccncc1>>[Br-].c1(cccc(Cl)c1)C[n+]2ccc(CC(=O)c3ccccc3)cc2,"element: can not calculate implicit hydrogens on aromatic C, charge 0, degree 1, 0 radical electrons"
38,c1(C)ccncc1>>[Br-].c1(ccccc1)C(=O)Cc2cc[n+](Cc3ccc(Br)cc3)cc2,"element: can not calculate implicit hydrogens on aromatic C, charge 0, degree 1, 0 radical electrons"
39,c1(C)ccncc1>>[Br-].c1(ccc(Cl)cc1)C(=O)Cc2cc[n+](Cc3ccccc3)cc2,"element: can not calculate implicit hydrogens on aromatic C, charge 0, degree 1, 0 radical electrons"
40,c1(C)ccncc1>>[Br-].c1(cccc(Cl)c1)C(=O)Cc2cc[n+](Cc3ccccc3)cc2,"element: can not calculate implicit hydrogens on aromatic C, charge 0, degree 1, 0 radical electrons"
41,c1(C)ccncc1>>[Br-].c1(ccc(N(=O)=O)cc1)C[n+]2ccc(CC(=O)c3ccccc3)cc2,"element: can not calculate implicit hydrogens on aromatic C, charge 0, degree 1, 0 radical electrons"
42,c1(C)ccncc1>>[Br-].c1(ccccc1)C(=O)Cc2cc[n+](Cc3cccc(N(=O)=O)c3)cc2,"element: can not calculate implicit hydrogens on aromatic C, charge 0, degree 1, 0 radical electrons"
43,c1(C)ccncc1>>[Br-].c1(cccc(N(=O)=O)c1)C(=O)Cc2cc[n+](Cc3ccccc3)cc2,"element: can not calculate implicit hydrogens on aromatic C, charge 0, degree 1, 0 radical electrons"
44,c1(C)ccncc1>>[Br-].C(F)(F)(F)c1ccc(C(=O)Cc2cc[n+](Cc3ccccc3)cc2)cc1,"element: can not calculate implicit hydrogens on aromatic C, charge 0, degree 1, 0 radical electrons"
45,c1(C)ccncc1>>[Br-].c1(C[n+]2ccc(CC(=O)c3ccccc3)cc2)cc(N(=O)=O)cc(N(=O)=O)c1,"element: can not calculate implicit hydrogens on aromatic C, charge 0, degree 1, 0 radical electrons"
46,c1(C#N)ccc(Cl)cc1.c1(C#N)ccc(Cl)cc1>>[Br-].c1(ccc(Cl)cc1)C(=O)Cc2cc[n+](Cc3ccccc3)cc2,Ignored this reaction
47,c1(OC)ccc(C=O)cc1O.c1(OC)ccc(C=O)cc1O.c1(OC)ccc(C=O)cc1O.c1(OC)ccc(C=O)cc1O>>c1(cc(CCc2ccc(Oc3cccc(C(=O)OC)c3)c(OC)c2)ccc1OC)Oc4ccc(C(=O)OC)cc4,Ignored this reaction
48,C(C)(C)(O)C=C>>C(C)(C)(C=C)C(=O)[C@H](C)[C@H](O)[C@@H](C)c1ccccc1,"element: can not calculate implicit hydrogens on aromatic C, charge 0, degree 1, 0 radical electrons"
49,c1(ccccc1O)C(=O)O.c1(ccccc1O)C(=O)O>>S(=O)(=O)(Oc1ccccc1C([O-])=O)c2ccc(C)cc2.[Na+],Ignored this reaction
50,c1(C(C)O)c2nc(cc3[nH]c(cc(c4C)nc(c4CCC(=O)OC)cc(c(CCC(=O)OC)c5C)[nH]c5c2)C(C)=C3C(C)O)c1C>>c1(C(C)=O)c2nc(cc3[nH]c(cc(c4C)nc(c4CCC(=O)OC)cc(c(CCC(=O)OC)c5C)[nH]c5c2)C(C)=C3C(C)O)c1C([2H])([2H])[2H],"element: can not calculate implicit hydrogens on aromatic C, charge 0, degree 1, 0 radical electrons"
51,c1(C(C)O)c2nc(cc3[nH]c(cc(c4C)nc(c4CCC(=O)OC)cc(c(CCC(=O)OC)c5C)[nH]c5c2)C(C)=C3C(C)O)c1C>>c1(C(C([2H])([2H])[2H])=O)c2nc(cc3[nH]c(cc(c4C)nc(c4CCC(=O)OC)cc(c(CCC(=O)OC)c5C)[nH]c5c2)C(C)=C3C(C)O)c1C,"element: can not calculate implicit hydrogens on aromatic C, charge 0, degree 1, 0 radical electrons"
52,c1(C(C)O)c2nc(cc3[nH]c(cc(c4C)nc(c4CCC(=O)OC)cc(c(CCC(=O)OC)c5C)[nH]c5c2)C(C)=C3C(C)O)c1C>>c1(C(C)O)c2nc(cc3[nH]c(cc(c4C)nc(c4CCC(=O)OC)cc(c(CCC(=O)OC)c5C)[nH]c5c2)C(C([2H])([2H])[2H])=C3C(C)=O)c1C,"element: can not calculate implicit hydrogens on aromatic C, charge 0, degree 1, 0 radical electrons"
53,c1(C(C)O)c2nc(cc3[nH]c(cc(c4C)nc(c4CCC(=O)OC)cc(c(CCC(=O)OC)c5C)[nH]c5c2)C(C)=C3C(C)O)c1C>>c1(C(C)O)c2nc(cc3[nH]c(cc(c4C)nc(c4CCC(=O)OC)cc(c(CCC(=O)OC)c5C)[nH]c5c2)C(C)=C3C(C([2H])([2H])[2H])=O)c1C,"element: can not calculate implicit hydrogens on aromatic C, charge 0, degree 1, 0 radical electrons"
54,c1(C(C)O)c2nc(cc3[nH]c(cc(c4C)nc(c4CCC(=O)OC)cc(c(CCC(=O)OC)c5C)[nH]c5c2)C(C)=C3C(C)O)c1C>>c1(C(C([2H])([2H])[2H])=O)c2nc(cc3[nH]c(cc(c4C)nc(c4CCC(=O)OC)cc(c(CCC(=O)OC)c5C)[nH]c5c2)C(C)=C3C(C)O)c1C([2H])([2H])[2H],"element: can not calculate implicit hydrogens on aromatic C, charge 0, degree 1, 0 radical electrons"
55,c1(C(C)O)c2nc(cc3[nH]c(cc(c4C)nc(c4CCC(=O)OC)cc(c(CCC(=O)OC)c5C)[nH]c5c2)C(C)=C3C(C)O)c1C>>c1(C(C)O)c2nc(cc3[nH]c(cc(c4C)nc(c4CCC(=O)OC)cc(c(CCC(=O)OC)c5C)[nH]c5c2)C(C([2H])([2H])[2H])=C3C(C([2H])([2H])[2H])=O)c1C,"element: can not calculate implicit hydrogens on aromatic C, charge 0, degree 1, 0 radical electrons"
56,c12c(C=CCO1)ccc(OC)c2>>[C@]12([H])[C@]([H])(COc(cc(OC)cc3)c13)c4c(cc(OCc5ccccc5)c(OS(=O)(=O)C(F)(F)F)c4)O2,"element: can not calculate implicit hydrogens on aromatic C, charge 0, degree 1, 0 radical electrons"
57,C1(=O)C=CCCC1.C1(=O)C=CCCC1.C1(=O)C=CCCC1>>C1(OC[C@@]([H])(C(=O)CCC2)[C@]12[H])(Sc3ccccc3)Sc4ccccc4,Ignored this reaction
58,C1(=O)C(C)=COCC1C>>[C@@H](C)([C@@H](OCc1ccccc1)[C@@H](C)[C@H](O)CC)[C@@H](OCc2ccccc2)[C@H](C)C[C@H](C)[C@H](OCc3ccccc3)[C@@H](C)[C@H](OCc4ccccc4)[C@@H](C)CO,"element: can not calculate implicit hydrogens on aromatic C, charge 0, degree 1, 0 radical electrons"
59,C1(=O)C(C)=COCC1C>>[C@H]1(OCc2ccccc2)[C@@H](C)[C@@H](CC)OC(=O)[C@H](C)[C@@H](OCc3ccccc3)[C@H](C)[C@@H](OCc4ccccc4)[C@@H](C)C[C@@H](C)[C@H](OCc5ccccc5)[C@@H]1C,"element: can not calculate implicit hydrogens on aromatic C, charge 0, degree 1, 0 radical electrons"
60,C1(=O)C=CCCO1>>c12c(cc(OC)cc1OC)CC(C(=O)OCC3)C3C2=O,"element: can not calculate implicit hydrogens on aromatic C, charge 0, degree 1, 0 radical electrons"
61,C(C)(C)(O)C=C>>C(C)(C)(C=C)C(=O)[C@H](C)[C@@H](O)[C@@H](C)c1ccccc1,"element: can not calculate implicit hydrogens on aromatic C, charge 0, degree 1, 0 radical electrons"
62,C(C)(C)(O)C=C>>[C@@H](OC(C)(C)C(C)(C)O)([C@@H](C)c1ccccc1)[C@H](C)C(=O)C(C)(C)C=C,"element: can not calculate implicit hydrogens on aromatic C, charge 0, degree 1, 0 radical electrons"
63,C(C)(C)(O)C=C>>[C@@H](OC(C)(C)C(C)(C)O)([C@@H](C)c1ccccc1)[C@@H](C)C(=O)C(C)(C)C=C,"element: can not calculate implicit hydrogens on aromatic C, charge 0, degree 1, 0 radical electrons"
64,C(=C\CC)/CCO>>[C@]12([H])N(CCC(=O)[C@@H]1CC)C(=O)[C@H](OCc3ccccc3)[C@H]2OCc4ccccc4,"element: can not calculate implicit hydrogens on aromatic C, charge 0, degree 1, 0 radical electrons"
65,C(/CBr)=C(\C)/C>>C(C)(C)(O)[C@@H]1CC[C@@H](c2ccccc2)O1,"element: can not calculate implicit hydrogens on aromatic C, charge 0, degree 1, 0 radical electrons"
66,n1ccccc1>>[C@@]12(C(=O)OC)C[C@@H]([C@@H](Cl)C=C1)CN2C(=O)Cc3c[nH]c(cccc4)c34,"element: can not calculate implicit hydrogens on aromatic C, charge 0, degree 1, 0 radical electrons"
67,n1ccccc1>>[C@@]12(C(=O)OC)C[C@@H]([C@@H](Br)C=C1)CN2C(=O)Cc3c[nH]c(cccc4)c34,"element: can not calculate implicit hydrogens on aromatic C, charge 0, degree 1, 0 radical electrons"
68,O1C=CCCC1>>C(/Sc1ccccc1)(=C/CC(OC2CCCCO2)c3ccccc3)\C(O)c4ccccc4,"element: can not calculate implicit hydrogens on aromatic C, charge 0, degree 1, 0 radical electrons"
69,C(=C/CC)/CCO>>[C@]12([H])N(CC[C@@H](OC=O)[C@H]1CC)C(=O)[C@H](OCc3ccccc3)[C@H]2OCc4ccccc4,"element: can not calculate implicit hydrogens on aromatic C, charge 0, degree 1, 0 radical electrons"
70,C(=C\CC)/CCO>>[C@]12([H])N(CC[C@@H](OC=O)[C@@H]1CC)C(=O)[C@H](OCc3ccccc3)[C@H]2OCc4ccccc4,"element: can not calculate implicit hydrogens on aromatic C, charge 0, degree 1, 0 radical electrons"
71,C(=C\CC)/CCO>>[C@]12([H])N(CC[C@H](OC=O)[C@@H]1CC)C(=O)[C@H](OCc3ccccc3)[C@H]2OCc4ccccc4,"element: can not calculate implicit hydrogens on aromatic C, charge 0, degree 1, 0 radical electrons"
72,C(/CBr)=C(\C)/C>>C(C)(C)(O)C(OC(C)=O)CCC(NC=O)c1ccccc1,"element: can not calculate implicit hydrogens on aromatic C, charge 0, degree 1, 0 radical electrons"
73,C(/CBr)=C(\C)/C>>C(C)(C)(Cl)CCCC(N)c1ccccc1.Cl[H],"element: can not calculate implicit hydrogens on aromatic C, charge 0, degree 1, 0 radical electrons"
74,C(/CBr)=C(\C)/C>>C(C)(C)(O)C(OC(C)=O)CCC(NC(C)=O)c1ccccc1,"element: can not calculate implicit hydrogens on aromatic C, charge 0, degree 1, 0 radical electrons"
75,c1(Br)ccccc1N.c1(Br)ccccc1N>>c1(C(F)(F)F)cc(c2ccccc2)nc(c(Br)ccc3)c13,"element: can not calculate implicit hydrogens on aromatic C, charge 0, degree 1, 0 radical electrons"
76,C1(C)(C)O[C@]([H])(CO[C@@H](OCc2ccccc2)[C@H]3O)[C@@]3([H])O1>>[C@@H]1(OCc2ccccc2)[C@@H](OC[C@@H](OCc3ccccc3)[C@H]1O)OCc4ccccc4,"element: can not calculate implicit hydrogens on aromatic C, charge 0, degree 1, 0 radical electrons"
77,C1(C)(C)O[C@]([H])(CO[C@@H](OCc2ccccc2)[C@H]3O)[C@@]3([H])O1>>[C@@H]1(OCc2ccccc2)[C@@H](OC[C@@H](O)[C@H]1OCc3ccccc3)OCc4ccccc4,"element: can not calculate implicit hydrogens on aromatic C, charge 0, degree 1, 0 radical electrons"
78,C1(C)(C)O[C@]([H])(CO[C@@H](OCc2ccccc2)[C@H]3O)[C@@]3([H])O1>>[C@@H]1(OCc2ccccc2)[C@@H](OC[C@H](O)[C@H]1OCc3ccccc3)OCc4ccccc4,"element: can not calculate implicit hydrogens on aromatic C, charge 0, degree 1, 0 radical electrons"
79,n1ccccc1>>[C@@]12(C(=O)OC)C[C@@H]([C@@H](O)C=C1)CN2C(=O)Cc3c[nH]c(cccc4)c34,"element: can not calculate implicit hydrogens on aromatic C, charge 0, degree 1, 0 radical electrons"
80,N1CC=CCC1.N1CC=CCC1>>N1(C=CC=CC1=O)CCc2ccccc2,"element: can not calculate implicit hydrogens on aromatic C, charge 0, degree 1, 0 radical electrons"
81,c1(C)ccoc1.c1(C)ccoc1.c1(C)ccoc1>>c1(occc1C)C\C(\C)=C\Cc2occ(C)c2,Ignored this reaction
82,c1(C)ccoc1.c1(C)ccoc1.c1(C)ccoc1>>c1(occc1C)C\C(\C)=C\Cc2occc2C,Ignored this reaction
83,N1(CCN)CCOCC1.N1(CCN)CCOCC1.N1(CCN)CCOCC1>>N1(CCOCC1)CCN2CCOCCOCCOCCN(CC)CCOCC2,Ignored this reaction
84,N1(CCCCC1)C2CCNCC2>>N1(C=CC=CC1=O)CC(O)c2ccccc2,"element: can not calculate implicit hydrogens on aromatic C, charge 0, degree 1, 0 radical electrons"
85,N1(CCCCC1)C2CCNCC2>>N1(CCC(=O)CC1=O)CC(=O)c2ccccc2,"element: can not calculate implicit hydrogens on aromatic C, charge 0, degree 1, 0 radical electrons"
86,N1(CCCCC1)C2CCNCC2>>N1(CCC(O)CC1=O)CC(=O)c2ccccc2,"element: can not calculate implicit hydrogens on aromatic C, charge 0, degree 1, 0 radical electrons"
87,N1(CCCCC1)C2CCNCC2>>N1(CCC(O)CC1=O)CC(O)c2ccccc2,"element: can not calculate implicit hydrogens on aromatic C, charge 0, degree 1, 0 radical electrons"
88,C(CCBr)CCBr>>C(CCCCCC(CCCc1ccccc1)C(=O)Cl)(CCCc2ccccc2)C(=O)Cl,"element: can not calculate implicit hydrogens on aromatic C, charge 0, degree 1, 0 radical electrons"
89,C(CCBr)CCBr>>C(CCCCCC(CCCc1ccccc1)C(=O)O)(CCCc2ccccc2)C(=O)O,"element: can not calculate implicit hydrogens on aromatic C, charge 0, degree 1, 0 radical electrons"
90,C(CCBr)CCBr>>C(CCCCCC(CCCc1ccccc1)C(N)=O)(CCCc2ccccc2)C(N)=O,"element: can not calculate implicit hydrogens on aromatic C, charge 0, degree 1, 0 radical electrons"
91,C(CCBr)CCBr>>C(CCCCCC(CCCc1ccccc1)(C(=O)O)C(=O)O)(CCCc2ccccc2)(C(=O)O)C(=O)O,"element: can not calculate implicit hydrogens on aromatic C, charge 0, degree 1, 0 radical electrons"
92,C(CCBr)CCBr>>c1(ccccc1)CCCC(CN)CCCCCC(CN)CCCc2ccccc2,"element: can not calculate implicit hydrogens on aromatic C, charge 0, degree 1, 0 radical electrons"
93,C(CCBr)CCCBr>>C1(c2ccc(C)cc2)=C(SCCCCCCN=N#N)S\C(=C(\SC(SCCCCCCN=N#N)=C3c4ccc(C)cc4)/S3)\S1,"element: can not calculate implicit hydrogens on aromatic C, charge 0, degree 1, 0 radical electrons"
94,[C@H]1(CO)O[C@H](OC)CC[C@H]1O>>[C@H](N=N#N)(COCc1ccccc1)[C@@H](CCC=O)OCc2ccccc2,"element: can not calculate implicit hydrogens on aromatic C, charge 0, degree 1, 0 radical electrons"
95,[C@@H]1(OC(C)=O)[C@@H](COC(C)=O)O[C@@H](OC)[C@H](F)[C@H]1OC(C)=O>>[C@H]12[C@@H](CO[C@@H](c3ccccc3)O1)O[C@@H](OC)[C@H](F)[C@H]2O,"element: can not calculate implicit hydrogens on aromatic C, charge 0, degree 1, 0 radical electrons"
96,[C@@H]1(OC(C)=O)[C@@H](F)[C@H](OC(C)=O)O[C@H](COC(C)=O)[C@H]1OC(C)=O>>[C@H]12[C@@H](CO[C@@H](c3ccccc3)O1)O[C@H](OC)C(F)=C2,"element: can not calculate implicit hydrogens on aromatic C, charge 0, degree 1, 0 radical electrons"
97,[C@@H]1(OC(C)=O)[C@@H](F)[C@H](OC(C)=O)O[C@H](COC(C)=O)[C@H]1OC(C)=O>>[C@H]12[C@@H](CO[C@@H](c3ccccc3)O1)O[C@H](OC)[C@H](F)[C@H]2O,"element: can not calculate implicit hydrogens on aromatic C, charge 0, degree 1, 0 radical electrons"
98,[C@@H]1(OC(C)=O)[C@@H](F)[C@H](OC(C)=O)O[C@H](COC(C)=O)[C@H]1OC(C)=O>>[C@H]12[C@@H](CO[C@@H](c3ccccc3)O1)O[C@@H](OC)[C@H](F)[C@H]2O,"element: can not calculate implicit hydrogens on aromatic C, charge 0, degree 1, 0 radical electrons"
99,C(/C)(=C/C)\C=O.C(/C)(=C/C)\C=O.C(/C)(=C/C)\C=O>>[C@@]1(C)([C@@H](O)C\C=C(/C)\C=C)C(=O)C(C)=CC[C@@H]1C(=C)C,Ignored this reaction
100,[C@@]([H])(C(=O)O)(C(C)C)NC(=O)OC(C)(C)C>>c12c(cccc1)[nH]cc2C[C@@H](C(=O)OC)NC(=O)[C@@H](NC([2H])([2H])[2H])C(C)C,"element: can not calculate implicit hydrogens on aromatic C, charge 0, degree 1, 0 radical electrons"
101,[C@@]([H])(C(=O)O)(C(C)C)NC(=O)OC(C)(C)C>>c1(c[nH]c(cccc2)c12)C[C@@H](C(=O)O)NC(=O)[C@@H](NC([2H])([2H])[2H])C(C)C,"element: can not calculate implicit hydrogens on aromatic C, charge 0, degree 1, 0 radical electrons"
102,c1([nH]c(SCC(=O)NN)nc1c2ccccc2)c3ccccc3>>c1([nH]c(SCc2nnc(NCC)s2)nc1c3ccccc3)c4ccccc4,"element: can not calculate valence of S (1 aromatic bonds, min connectivity 1, charge 0)"
103,c1([nH]c(SCC(=O)NN)nc1c2ccccc2)c3ccccc3>>c1([nH]c(SCc2nnc(NCCC)s2)nc1c3ccccc3)c4ccccc4,"element: can not calculate valence of S (1 aromatic bonds, min connectivity 1, charge 0)"
104,c1([nH]c(SCC(=O)NN)nc1c2ccccc2)c3ccccc3>>c1([nH]c(SCc2nnc(Nc3ccccc3)s2)nc1c4ccccc4)c5ccccc5,"element: can not calculate valence of S (1 aromatic bonds, min connectivity 1, charge 0)"
105,[C@H]1(CCCN1)C(=O)O.[C@H]1(CCCN1)C(=O)O>>[C@@]([H])(C(=O)O)(Cc1ccccc1)NC(=O)[C@@H]2CCCN2,"element: can not calculate implicit hydrogens on aromatic C, charge 0, degree 1, 0 radical electrons"
106,C1(C)(C)S[C@]([H])([C@H](N)C2=O)N2[C@H]1C(=O)OC(c3ccccc3)c4ccccc4>>N1([C@H](C(=C)C)C(=O)OC(c2ccccc2)c3ccccc3)C(=O)[C@]([H])(N=C(CCC[C@]([H])(NC(=O)OC(C)(C)C)C(=O)OC(c4ccccc4)c5ccccc5)S6)[C@@]16[H],"element: can not calculate implicit hydrogens on aromatic C, charge 0, degree 1, 0 radical electrons"
107,O1C=CCCC1>>[C@@]([H])(OC(=O)C(C)(C)NC(=O)[C@]([H])(OC1CCCCO1)c2ccccc2)(c3ccccc3)C(=O)NC(C)(C)C(=O)N(C)C,"element: can not calculate implicit hydrogens on aromatic C, charge 0, degree 1, 0 radical electrons"
108,c1(C)ccncc1>>C(Cc1ccccc1)(Cc2ccccc2)(Cc3ccccc3)c4cc[n+](CC)cc4.[Cl-],"element: can not calculate implicit hydrogens on aromatic C, charge 0, degree 1, 0 radical electrons"
109,c1(C=O)cccs1>>n12c(nnc1c3ccc(OC)c(OC)c3)sc(c4cccs4)n2,"element: can not calculate valence of S (1 aromatic bonds, min connectivity 1, charge 0)"
110,c1(ccccc1)CN(C)C>>[C@]12([H])[C@]([H])(C(=O)CCC1)Cc(cccc3)c23,"element: can not calculate implicit hydrogens on aromatic C, charge 0, degree 1, 0 radical electrons"
111,c1(ccccc1)CN(C)C>>C1(CCCC(=O)C1)c2ccccc2CCl,"element: can not calculate implicit hydrogens on aromatic C, charge 0, degree 1, 0 radical electrons"
112,c1(OC)cc(CC(=O)O)ccc1OC>>c12c(cc(OC)c(OC)c1)c(C)nc(c3ccc(OCCOCCOCCOCCO4)c4c3)c2,"element: can not calculate implicit hydrogens on aromatic C, charge 0, degree 1, 0 radical electrons"
113,c1(OC)cc(CC(=O)O)ccc1OC>>c12c(cc(OC)c(OC)c1)c(CC)nc(c3ccc(OCCOCCOCCOCCO4)c4c3)c2,"element: can not calculate implicit hydrogens on aromatic C, charge 0, degree 1, 0 radical electrons"
114,c1(OC)cc(CC(=O)O)ccc1OC>>c12c(cc(OC)c(OC)c1)c(C)[o+]c(c3ccc(OCCOCCOCCOCCO4)c4c3)c2.Cl(=O)(=O)(=O)[O-],"element: can not calculate implicit hydrogens on aromatic C, charge 0, degree 1, 0 radical electrons"
115,c1(OC)cc(CC(=O)O)ccc1OC>>c12c(cc(OC)c(OC)c1)c(CC)[o+]c(c3ccc(OCCOCCOCCOCCO4)c4c3)c2.Cl(=O)(=O)(=O)[O-],"element: can not calculate implicit hydrogens on aromatic C, charge 0, degree 1, 0 radical electrons"
116,c1(CC)c(C)[nH]c(C=O)c1C>>c12[nH]c(cc3nc(cc(c(C)c4C)[nH]c4cc(c(C)c5CC)nc5c1)c(C)c3CC)C(C)=C2CCC(=O)O,"element: can not calculate implicit hydrogens on aromatic C, charge 0, degree 1, 0 radical electrons"
117,c1(CC)c(C)[nH]c(C=O)c1C>>c12[nH]c(cc3nc(cc(c(C)c4C)[nH]c4cc(c(C)c5CC)nc5c1)c(C)c3CC)C(C)=C2CCC(=O)OC,"element: can not calculate implicit hydrogens on aromatic C, charge 0, degree 1, 0 radical electrons"
118,C(C)(C)(C)C(C)=O>>C(C)(C)(C)c1ccc(cccc2)c2[o+]1.Cl(=O)(=O)(=O)[O-],"element: can not calculate implicit hydrogens on aromatic C, charge 0, degree 1, 0 radical electrons"
119,c1(ccccc1)\C=C\N(=O)=O>>[C@@H]1(CC(=O)[C@H](C)C[C@@H]1N(=O)=O)c2ccccc2,"element: can not calculate implicit hydrogens on aromatic C, charge 0, degree 1, 0 radical electrons"
120,c1(ccccc1)\C=C\N(=O)=O>>[C@@H]1(N(=O)=O)[C@H](COC)[C@H](C)C(=O)C[C@H]1c2ccccc2,"element: can not calculate implicit hydrogens on aromatic C, charge 0, degree 1, 0 radical electrons"
121,N(\C(\C)=C/C(=O)OCC)c1ccccc1>>c12c(cc(C)n1c3ccccc3)C(=O)c(cccc4)c4C2=O,"element: can not calculate implicit hydrogens on aromatic C, charge 0, degree 1, 0 radical electrons"
122,N(\C(\C)=C/C(=O)OCC)c1ccccc1>>c12c(C(=O)C(=O)c(cccc3)c13)c(C(=O)OCC)c(C)n2c4ccccc4,"element: can not calculate implicit hydrogens on aromatic C, charge 0, degree 1, 0 radical electrons"
123,c1(CC(=O)OCC)c(C)c[nH]c1C>>c12[nH]c(cc3nc(cc(c(C)c4CC)[nH]c4cc(c(C)c5CC)nc5c1)c(C)c3)C(CC(=O)O)=C2C,"element: can not calculate implicit hydrogens on aromatic C, charge 0, degree 1, 0 radical electrons"
124,c1(CC(=O)OCC)c(C)c[nH]c1C>>c12[nH]c(cc3nc(cc(c(C)c4CC)[nH]c4cc(c(C)c5CC)nc5c1)c(C)c3)C(CC(=O)OC)=C2C,"element: can not calculate implicit hydrogens on aromatic C, charge 0, degree 1, 0 radical electrons"
125,c1(CC(=O)OCC)c(C)c[nH]c1C>>c1([nH]c(cc2nc(cc(c(CC)c3C)[nH]c3cc(c(C)c4CC)nc45)c(C)c2CC)C(C)=C1CC6=O)c56,"element: can not calculate implicit hydrogens on aromatic C, charge 0, degree 1, 0 radical electrons"
126,c1(CC(=O)OCC)c(C)c[nH]c1C>>c1([nH]c(cc2nc(cc(c(CC)c3C)[nH]c3cc(c(C)c4CC)nc45)c(C)c2CC)C(C)=C1CC6O)c56,"element: can not calculate implicit hydrogens on aromatic C, charge 0, degree 1, 0 radical electrons"
127,c1(CC(=O)OCC)c(C)c[nH]c1C>>c12[nH]c(cc3nc(cc(c(CC)c4C)[nH]c4cc(c(C)c5CC)nc5c1)c(C)c3CC)C(C)=C2CC(=O)OC,"element: can not calculate implicit hydrogens on aromatic C, charge 0, degree 1, 0 radical electrons"
128,C(CCC)CCC=O>>C(c1cc[nH]c1)(C2ON=C(CCCCCC)C2)N(C=O)[C@@H](C(C)C)C(=O)OC,"element: can not calculate implicit hydrogens on aromatic C, charge 0, degree 1, 0 radical electrons"
129,C(CCC)CCC=O>>[Si](C(C)C)(C(C)C)(C(C)C)n1ccc(C(N[C@@H](C(C)C)C(=O)OC)C2ON=C(CCCCCC)C2)c1,"element: can not calculate implicit hydrogens on aromatic C, charge 0, degree 1, 0 radical electrons"
130,C(CCC)CCC=O>>[Si](C(C)C)(C(C)C)(C(C)C)n1ccc(C(C2ON=C(CCCCCC)C2)N(C=O)[C@@H](C(C)C)C(=O)OC)c1,"element: can not calculate implicit hydrogens on aromatic C, charge 0, degree 1, 0 radical electrons"
131,C(C#C)C(C)C>>[C@]12(C)[C@@]([H])(C[C@@H](OC(=S)Oc3ccccc3)[C@]1([H])[C@H](C)[C@@H](CCC(C)C)OC(=S)Oc4ccccc4)[C@@]5([H])[C@@]([H])([C@]6(C)C(C[C@@H](OC7CCCCO7)CC6)=CC5)CC2,"element: can not calculate implicit hydrogens on aromatic C, charge 0, degree 1, 0 radical electrons"
132,c1(CN)ccccc1.c1(CN)ccccc1.c1(CN)ccccc1>>N1(CCc2ccccc2)CC(C)C(NCc3ccccc3)CC1C,Ignored this reaction
133,c1(ccccc1)CC(C)=O>>c1(nc(c2ccccc2)ccc1c3ccccc3)c4ccccc4,"element: can not calculate implicit hydrogens on aromatic C, charge 0, degree 1, 0 radical electrons"
134,c1(ccccc1)CC(C)=O>>C1(c2ccccc2)N(C)C(c3ccccc3)CC(O)C1c4ccccc4,"element: can not calculate implicit hydrogens on aromatic C, charge 0, degree 1, 0 radical electrons"
135,c1(ccccc1)CC(C)=O>>C1(c2ccccc2)N(C)C(c3ccccc3)CC(=NO)C1c4ccccc4,"element: can not calculate implicit hydrogens on aromatic C, charge 0, degree 1, 0 radical electrons"
136,c1(ccccc1)CC(C)=O>>C1(NC(c2ccc(Br)cc2)CC(=NO)C1c3ccccc3)c4ccc(Br)cc4,"element: can not calculate implicit hydrogens on aromatic C, charge 0, degree 1, 0 radical electrons"
137,c1(ccccc1)CC(C)=O>>C1(c2ccccc2)C(c3ccccc3)N(C)C(c4ccccc4)CC1(O)Cc5ccccc5,"element: can not calculate implicit hydrogens on aromatic C, charge 0, degree 1, 0 radical electrons"
138,c1(ccccc1)CC(C)=O>>C1(NC(c2ccccc2O)CC(=NO)C1c3ccccc3)c4ccccc4O,"element: can not calculate implicit hydrogens on aromatic C, charge 0, degree 1, 0 radical electrons"
139,c1(ccccc1)CC(C)=O>>C1(c2ccccc2)N(C)C(c3ccccc3)CC(N)C1c4ccccc4,"element: can not calculate implicit hydrogens on aromatic C, charge 0, degree 1, 0 radical electrons"
140,c1(ccccc1)CC(=O)Cl.c1(ccccc1)CC(=O)Cl>>c1(ccccc1c2ccccc2)NC(=O)Cc3ccccc3,"element: can not calculate implicit hydrogens on aromatic C, charge 0, degree 1, 0 radical electrons"
141,c1(P(Br)Br)c(F)c(F)c(F)c(F)c1F>>[Br-].c1([P+](Br)(Br)Br)c(F)c(F)c(F)c(F)c1F.c2(ccccn2)c3ccccn3,Ignored this reaction
142,[C@@H]1(CCCCCC)CO1>>c1(ccc(OCC(F)CCCCCC)cc1)c2ccc(O)cc2,"element: can not calculate implicit hydrogens on aromatic C, charge 0, degree 1, 0 radical electrons"
143,[C@@H]1(CCCCCC)CO1>>c1(ccc(OC(=O)c2ccc(OCCCCCCCC)cc2)cc1)c3ccc(OCC(F)CCCCCC)cc3,"element: can not calculate implicit hydrogens on aromatic C, charge 0, degree 1, 0 radical electrons"
144,C12CCN(CC1)C[C@H]2O>>N1(CCC(CCO)[C@H](O)C1)Cc2ccccc2,"element: can not calculate implicit hydrogens on aromatic C, charge 0, degree 1, 0 radical electrons"
145,c1c(O)cccc1O.c1c(O)cccc1O.c1c(O)cccc1O>>c1(CCCc2nc(cccc3)c3[nH]2)cc(CCC)c(OCC)cc1OC,Ignored this reaction
146,c1(ccccc1)C(=S)SCC(=O)O>>c1(nnc(c2ccccc2)s1)c3cccs3,"element: can not calculate valence of S (1 aromatic bonds, min connectivity 1, charge 0)"
147,c1(C)cnc(C)cn1.c1(C)cnc(C)cn1.c1(C)cnc(C)cn1.c1(C)cnc(C)cn1>>c12cnc(CSCc3cnc(CSCc(ncc4CSCc(ncc5CSC1)cn5)cn4)cn3)cn2,Ignored this reaction
148,c1(CC)c[nH]cc1CC.c1(CC)c[nH]cc1CC>>Br[H].c1(\C=C\C=C(/N=C2)\C(CC)=C2CC)[nH]cc(CC)c1CC,Ignored this reaction
149,c1(OC)ccc(C=O)cc1O>>c1(cc(C=O)ccc1O)Oc2ccc(C(=O)OC)cc2,"element: can not calculate implicit hydrogens on aromatic C, charge 0, degree 1, 0 radical electrons"
150,c1(OC)ccc(C=O)cc1O.c1(OC)ccc(C=O)cc1O.c1(OC)ccc(C=O)cc1O.c1(OC)ccc(C=O)cc1O>>c1(cc(C=Cc2ccc(Oc3cccc(C(=O)OC)c3)c(OC)c2)ccc1OC)Oc4ccc(C(=O)OC)cc4,Ignored this reaction
151,C(CC=C)CCC>>c12c(cccc1)[nH]cc2CCCCC,"element: can not calculate implicit hydrogens on aromatic C, charge 0, degree 1, 0 radical electrons"
152,c12c(cccc1)CN(CC)C2>>[C@@]12([H])[C@@]([H])(C(=O)N(c3ccccc3)C1=O)[C@@H](c(cccc4)c45)N(CC)[C@H]25,"element: can not calculate implicit hydrogens on aromatic C, charge 0, degree 1, 0 radical electrons"
153,c12c(cccc1)CN(CC)C2>>[C@@]12([H])[C@@]([H])(C(=O)N(c3ccccc3)C1=O)[C@H](c(cccc4)c45)N(CC)[C@@H]25,"element: can not calculate implicit hydrogens on aromatic C, charge 0, degree 1, 0 radical electrons"
154,C(/C)(=C/CBr)\CC\C=C(\C)/C>>C1(C)(C)[C@@H](Br)CCC(=C)[C@H]1Cc2cc(O)c(Br)cc2O,"element: can not calculate implicit hydrogens on aromatic C, charge 0, degree 1, 0 radical electrons"
155,C(/C)(=C/CBr)\CC\C=C(\C)/C>>C1(C)(C)[C@H](Br)CCC(=C)[C@@H]1Cc2cc(OC)c(Br)cc2OC,"element: can not calculate implicit hydrogens on aromatic C, charge 0, degree 1, 0 radical electrons"
156,C(/C)(=C/CBr)\CC\C=C(\C)/C>>C1(C)(C)[C@H](Br)CCC(=C)[C@@H]1Cc2cc(OCOC)c(Br)cc2OCOC,"element: can not calculate implicit hydrogens on aromatic C, charge 0, degree 1, 0 radical electrons"
157,C1(CCCCC1)C(=O)OC>>c12c(ccc(C3CCCCC3)c1)cc(OC)cc2,"element: can not calculate implicit hydrogens on aromatic C, charge 0, degree 1, 0 radical electrons"
158,N1(=O)(CC)Cc(cccc2)c2C1>>[C@H]12N(CC)[C@H](c(cccc3)c13)[C@]([H])(C(=O)N(C)C4=O)[C@@]24[H],"element: can not calculate implicit hydrogens on aromatic C, charge 0, degree 1, 0 radical electrons"
159,[C@H]1(OC(C)=O)[C@H](OC(C)=O)[C@@H](COC(C)=O)O[C@@H](OC(C)C)[C@@H]1OC(C)=O>>[C@H]1(OCc2ccccc2)C(OC(C)=O)O[C@H](COCc3ccccc3)[C@@H](OCc4ccccc4)[C@@H]1OCc5ccccc5,"element: can not calculate implicit hydrogens on aromatic C, charge 0, degree 1, 0 radical electrons"
160,[C@H]1(OC(C)=O)[C@H](OC(C)=O)[C@@H](COC(C)=O)O[C@@H](OC(C)C)[C@@H]1OC(C)=O>>[C@@H]1(OCc2ccccc2)[C@@H](OCc3ccccc3)[C@@H](O)O[C@H](COCc4ccccc4)[C@H]1OCc5ccccc5,"element: can not calculate implicit hydrogens on aromatic C, charge 0, degree 1, 0 radical electrons"
161,[C@H]1(OC(C)=O)[C@H](OC(C)=O)[C@@H](COC(C)=O)O[C@@H](OC(C)C)[C@@H]1OC(C)=O>>[C@]1([H])(OCc2ccccc2)[C@@]([H])(OCc3ccccc3)[C@]([H])(O)O[C@]([H])(COCc4ccccc4)[C@@]1([H])OCc5ccccc5,"element: can not calculate implicit hydrogens on aromatic C, charge 0, degree 1, 0 radical electrons"
162,c1(CN)ccccc1.c1(CN)ccccc1>>c12c(cccc1)nccc2C=NN=C(N)NCc3ccccc3.I[H],Ignored this reaction
163,C(=O)(C=C)OCC>>c1(C(=O)OCC)c(SCCC(=O)OCC)c(C#N)c(cccc2)n12,"element: can not calculate implicit hydrogens on aromatic C, charge 0, degree 1, 0 radical electrons"
164,C(=O)(C=C)OCC>>c1(C(=O)OCC)c(SCCC(=O)OCC)c(C#N)c(cc(C)cc2)n12,"element: can not calculate implicit hydrogens on aromatic C, charge 0, degree 1, 0 radical electrons"
165,C(=O)(C=C)OCC>>c12n(cc(C)cc1C)c(C(=O)OCC)c(SCCC(=O)OCC)c2C#N,"element: can not calculate implicit hydrogens on aromatic C, charge 0, degree 1, 0 radical electrons"
166,c1([Se]Cl)ccccc1.c1([Se]Cl)ccccc1.c1([Se]Cl)ccccc1>>C(=CCc1ccccc1)(CCc2ccccc2)[Se]c3ccccc3,Ignored this reaction
167,C(/CBr)=C(\C)/C>>c12c(cccc1)ccc(\C=C/C=C(/C)\C)c2,"element: can not calculate implicit hydrogens on aromatic C, charge 0, degree 1, 0 radical electrons"
168,C(/CBr)=C(\C)/C>>c12c(cccc1)ccc(\C=C\C=C(\C)/C)c2,"element: can not calculate implicit hydrogens on aromatic C, charge 0, degree 1, 0 radical electrons"
169,c12c(cccc1)cn(CC)c2>>[C@@]12([H])[C@@]([H])(C(=O)N(c3ccccc3)C1=O)[C@H](c(cccc4)c45)N(CC)[C@@H]25,"element: can not calculate implicit hydrogens on aromatic C, charge 0, degree 1, 0 radical electrons"
